Nombre,Dirección,Correo,Teléfono,Fecha de nacimiento,Empresa,Número de tarjeta,Fecha de vencimiento,Código postal
Albano Llopis Hierro,"Calle de Rosa María Sosa 83
Granada, 15915",qsaenz@example.org,+34875 384 842,1977-01-21,Hermanos Lucas S.Coop.,345002921851564,12/30,28733
Buenaventura de Bonet,"C. Nando Lopez 5
Segovia, 34384",luchopalau@example.org,+34827 993 308,1962-03-19,Logística Marco S.C.P,3554522675289539,07/31,32347
Ileana Antón-Andrés,"Via Saturnina Julián 59 Apt. 19 
Huelva, 48745",leandro15@example.com,+34877 301 657,1985-04-10,Construcción Cerdá y asociados S.L.N.E,4644220969029592,06/28,36439
César Guerrero Vazquez,"C. Trinidad Falcón 70 Apt. 88 
Huesca, 29265",ysabater@example.com,+34 826 208 267,1948-11-06,Desarrollo Cazorla & Asociados S.A.,4725135521571,05/31,03134
Alba Mar Flor Rivas,"Via de Lola Mas 646 Piso 4 
Cantabria, 28554",anabelvalencia@example.com,+34 977 34 54 01,1988-09-30,Huertas y asociados S.Coop.,573315410064,08/34,33930
Jacobo del Agudo,"C. de Carlota Abad 44
Zamora, 39009",nicolasa16@example.org,+34878 802 620,1992-11-12,Soluciones Perez y asociados S.A.,36267658617934,09/25,23759
Paco Rocamora Nieto,"Pasaje de Imelda García 272 Piso 8 
Ávila, 50226",iescribano@example.com,+34944724004,1938-05-25,Servicios MKTX S.Coop.,4104054115262184,08/27,26802
Casemiro Garrido-Navarro,"Glorieta Eugenio Amat 4 Piso 9 
Lleida, 28160",cristian15@example.net,+34 827547887,1941-04-04,Familia Sedano S.L.,2279970629620158,10/28,45979
Arturo Pinto Caballero,"C. de Jose Francisco Coloma 2 Piso 3 
Zaragoza, 46607",mariano79@example.net,+34842 87 43 15,1997-06-25,Barroso y asociados S.A.T.,4688444310690,07/31,51849
Soraya Núñez Lamas,"Via Yago Cañellas 98
Valladolid, 30004",sdiaz@example.com,+34847742054,1947-06-23,Galán y Uría S.C.P,180020506149731,11/28,12455
Pánfilo Segovia Casanovas,"Cuesta Vinicio Jove 94 Piso 3 
León, 06077",victoriano05@example.net,+34871 29 66 85,1957-08-16,Manufacturas Castrillo y asociados S.L.,5132417146774183,11/26,30962
Ani Marcos Pardo,"Alameda de Miguel Berrocal 42
Tarragona, 11014",ollobet@example.org,+34823612275,1967-03-25,Familia Cabezas S.L.,6011565270477439,12/24,08888
Celia Baños-Arroyo,"Ronda de Natalio Solano 40
Jaén, 51449",ramisprudencio@example.net,+34 881 04 63 74,1952-12-24,Alcides Casanova Cruz S.Com.,4211586938068687930,11/31,46760
Rolando del Bernal,"Plaza de Pastor Martín 96 Puerta 8 
Madrid, 15380",americoclavero@example.net,+34 922499045,1996-10-19,Hnos Francisco S.L.U.,30416089899217,01/34,34961
Toribio de Pinto,"Plaza de Roque Navarrete 82 Apt. 98 
La Coruña, 39790",iarana@example.org,+34 879017426,1972-05-08,Inversiones Cuenca S.L.N.E,30223320616321,04/30,31151
Javi Patiño-Cánovas,"Vial de Roxana Serrano 50
Guadalajara, 14871",melaniapazos@example.com,+34981414593,1980-06-25,Compañía Palomo y asociados S.A.,3551168685487094,02/32,21686
Felicidad Gallego Lasa,"C. de Leopoldo Robles 81 Apt. 80 
Ceuta, 43607",mantunez@example.org,+34 876 27 27 95,1977-05-29,Comercial Prieto S.L.,3516229991191483,06/30,46168
Marco Donoso Hierro,"Urbanización Heraclio Almagro 323
Sevilla, 08496",xpelaez@example.com,+34947 87 83 39,1978-06-15,Suministros Española S.L.,374679970246293,08/30,01551
Jerónimo Pino Lerma,"Acceso de Florencio Carbó 24 Puerta 0 
Ourense, 45390",cervantesbenita@example.com,+34822 87 85 19,1976-09-05,Grupo Tapia S.A.,3506530745054444,04/28,01774
Constanza del Barba,"Avenida Dora Herrero 5 Puerta 9 
Zamora, 38088",pmiralles@example.com,+34 828 088 398,1959-03-24,Supermercados Avanzadas S.A.,30132475469131,12/32,45178
Segismundo de Moles,"Acceso de Bruno Velasco 70 Piso 1 
Huesca, 42653",daniloamo@example.net,+34845 258 713,1995-07-21,Carreño y asociados S.L.,30367850821486,02/27,14811
Edelmira Batalla Galván,"Rambla de Macarena Vélez 99
Lleida, 29545",angelinavillaverde@example.com,+34 979 18 70 72,1978-11-23,Calisto Granados Piñol S.A.,6011890233030707,06/34,25866
Valentina Miranda-Garcia,"Avenida León Sanmartín 77 Piso 0 
Guadalajara, 12917",juarezmatilde@example.com,+34983 679 087,1993-03-25,Construcción TPT S.L.L.,344578610357972,05/29,39076
Gertrudis Segarra Clavero,"Callejón de Noé Losa 148
Ávila, 16817",ngarmendia@example.com,+34902 064 039,1985-05-13,Despacho Bayona S.Coop.,4985524140602939,11/28,07602
Buenaventura Huerta-Jódar,"Cuesta Flavia Tudela 20 Piso 3 
Tarragona, 16945",hfolch@example.org,+34 821 06 51 80,1955-07-17,Grupo Sacristán S.Com.,4346800722905,11/24,22327
Inés Pujol-Paredes,"Paseo de Bernarda Núñez 68 Piso 7 
Granada, 17475",sansfrancisco-jose@example.net,+34820704622,1978-09-08,Despacho del Noroeste S.Coop.,4944665743741,08/26,24697
Bruno del Bou,"Alameda Dimas Esteve 83
Toledo, 39639",zbonilla@example.net,+34948567661,1940-01-06,Rosalina Gaya Bolaños S.L.N.E,4910858994417154,11/29,41159
Tito Canals Coronado,"Cañada Javi Paniagua 14
Cuenca, 03982",guadalupe51@example.net,+34 988 251 286,1943-08-10,Consultoría Plana S.Com.,4444328309652074465,06/30,18019
Ruy Roca Bartolomé,"Cuesta Cristian Alberola 847 Piso 5 
Almería, 17546",tatiana42@example.net,+34 986230047,1942-06-07,Miranda y Chaves S.C.P,6509935387584287,11/29,13265
Francisca Solé Ángel,"C. Amparo Benavent 302
Ávila, 17265",nadiapardo@example.net,+34988 68 63 37,1956-02-14,Industrias FLOW S.A.,4172482513534655,03/28,36950
Leonel Alberdi-Carbó,"Pasadizo Ricardo Sanjuan 74 Piso 9 
Salamanca, 49502",domingofont@example.org,+34 925 243 106,1947-03-11,Fábrica Villaverde & Asociados S.L.,379471709991737,01/26,18226
Pili del Nieto,"Callejón Gertrudis Bertrán 33
Cáceres, 01175",morenauribe@example.org,+34713311907,1984-06-13,Comercial Heras y asociados S.Com.,213168460223561,12/29,16541
Eugenio Royo Cruz,"Cañada de Anacleto Guardiola 84 Apt. 34 
Las Palmas, 08521",casandra95@example.com,+34 806306738,1971-02-13,Transportes Española S.Coop.,3525217525007431,05/27,18655
Abril Lago Valle,"Vial de Calixto Barreda 54
Baleares, 31716",emmaboix@example.org,+34 876 028 439,1964-05-11,Hermanos Moliner S.A.,4712966667600830,03/30,31890
José Luis Camino Martín,"Pasadizo de Calista Uribe 11 Piso 5 
Albacete, 06985",romulo78@example.com,+34 920 99 53 42,1943-11-22,Pavón y Duque S.L.,3505830033542162,10/32,41179
María Fernanda Flor,"Camino de Apolinar Díez 88
Cádiz, 39360",ibenavent@example.com,+34984 36 44 08,1961-11-02,Banca Privada DNCD S.L.,180021044789855,05/27,23485
Glauco Cuéllar Abascal,"Cuesta Pablo Real 25 Apt. 56 
Girona, 44423",sandovaladelaida@example.net,+34849 68 70 56,1947-05-22,Soluciones Roda y asociados S.A.,6011575326033235,04/29,24981
Etelvina Laura Aliaga Caparrós,"Avenida de Maxi Iniesta 71
Sevilla, 36559",eduardo89@example.org,+34985 566 246,1980-03-21,Inmobiliaria Blanes S.Com.,3598215064890904,08/28,13052
Valeria Meléndez Heras,"Glorieta Aura Pardo 177 Apt. 48 
Girona, 29712",toribiovalverde@example.org,+34 868 73 34 27,1984-06-13,Despacho Internacionales S.Com.,4001676184723045,09/29,33687
Dionisio Bermúdez Boada,"Urbanización Leire Cuadrado 18
Ávila, 15725",villegasezequiel@example.com,+34807 86 68 82,1980-12-06,Inversiones WXMM S.L.N.E,6011849926189147,04/27,28783
Sabina Bayón Casas,"Vial Andrea Manzanares 846 Piso 3 
Navarra, 10479",felixmora@example.net,+34 943343517,2006-10-27,Talleres FQMM S.A.,5473934835642080,03/28,14797
Narciso Talavera Dalmau,"Avenida Leoncio Ribera 58
Girona, 48582",osvaldovillena@example.com,+34 931830469,1974-05-03,Alimentación Céspedes S.Coop.,30375300119724,08/32,28465
Juan Luis Rocha-Galán,"Pasaje Bárbara Tomé 95 Puerta 6 
Guadalajara, 13363",iglesiaharoldo@example.net,+34800139837,1969-07-28,Zabala y asociados S.A.,2611437447012049,08/31,46921
Priscila de Mesa,"Ronda Armando Monreal 76 Puerta 2 
Alicante, 09273",edgardo49@example.net,+34874 540 331,1944-01-26,Inmobiliaria Carranza S.L.,376110022557949,10/33,50295
Nazaret Perea Ríos,"Via de Begoña Saura 3
Segovia, 11116",valverdefelipa@example.org,+34977393638,1956-10-16,Hermanos Román S.C.P,3555216674676213,06/33,25399
Jennifer Carrillo,"Alameda de Estrella Puga 6 Puerta 8 
Guadalajara, 42077",francisco-javiernebot@example.net,+34920 46 78 54,1966-10-02,Infraestructuras YGZA S.A.,4216979729659026,08/29,24925
Daniel de Neira,"Urbanización Evangelina Madrigal 71
Valladolid, 42533",andradeceferino@example.org,+34883 587 717,1937-09-28,Promociones Criado S.C.P,38167014508991,05/27,27253
Macario Grau Giménez,"Cañada Vera Andres 6 Apt. 45 
Las Palmas, 10540",florina39@example.com,+34920 355 609,1960-01-15,Consultoría MA S.L.L.,4889163756283,08/28,19325
Andrés Felipe Barral Granados,"Rambla Gabino Bermúdez 469 Piso 9 
Ceuta, 31221",valencianotamara@example.net,+34876204899,1934-07-12,Grupo Arteaga S.Coop.,3502877217535408,09/32,30538
Víctor Angulo Murillo,"Plaza de Trini Sola 38 Apt. 75 
Santa Cruz de Tenerife, 28807",felisa47@example.org,+34 948423536,1943-10-18,Conesa y Escamilla S.L.N.E,213186631779717,01/27,12789
José Ángel Gárate Lopez,"Glorieta de Rodrigo Tomas 4 Piso 9 
Ourense, 20390",dmartorell@example.org,+34880 78 54 77,1993-05-04,Hnos Gomez S.Com.,38517016608803,11/31,38447
Clotilde Catalán Suárez,"Callejón de Adán Avilés 474
Ceuta, 42721",cruzvalerio@example.com,+34974 252 287,2004-03-09,Montero y Linares S.L.L.,2720948837550370,10/32,09594
Ruben del Ramírez,"Via Vera Ariza 17 Puerta 5 
Ávila, 20340",nsobrino@example.com,+34 868 08 01 00,1970-09-22,Carreras & Asociados S.A.,375711305548850,12/28,38741
Asdrubal Caballero,"Glorieta Eligio Paz 384 Piso 7 
Valencia, 23198",matiasmontana@example.net,+34 947 23 12 03,1969-12-17,Hnos Bayón S.L.N.E,3502726149331636,05/28,45958
Felicidad Roda Reig,"Vial Marisela Gonzalez 68 Apt. 60 
Murcia, 09099",sabas25@example.net,+34 982750997,1983-10-24,Inversiones Morán & Asociados S.Coop.,30351609177986,03/30,15979
Teresa Balaguer Cabello,"Camino de Rico Pera 4 Piso 0 
Salamanca, 15507",montanajose-antonio@example.com,+34 979008860,1964-03-02,Hermanos Fonseca S.C.P,4080869782922168,11/31,07545
Heriberto Nicolau Canales,"Ronda de Demetrio Chaves 1 Piso 7 
Badajoz, 16387",lastravinicio@example.org,+34718 48 40 86,1995-02-21,Industrias Simó y asociados S.Coop.,4866934654722698,06/27,48239
Clemente de Sanabria,"Acceso de Herminia Rius 226 Piso 9 
Cuenca, 03144",cletoayuso@example.com,+34851 182 339,1969-07-03,María Teresa Ferrán Higueras S.A.,3585833394522883,09/27,18691
Héctor Español Lopez,"Pasaje de Jonatan Pareja 6
Almería, 27092",pripoll@example.org,+34985 45 46 15,1939-11-12,Alvarez y Guijarro S.Coop.,3515879968460815,10/28,16453
Diana Benet Salazar,"Pasaje Ciriaco Garay 600
Barcelona, 38000",crescencia53@example.org,+34 946793341,1936-01-30,Hermanos Abella S.L.,630420034245,04/32,37394
Ariel de Alcolea,"Camino Inocencio Guijarro 12
Burgos, 09519",dvilla@example.com,+34 741 66 68 70,1989-05-21,Meléndez y Calleja S.A.D,4204380571983867,04/28,29325
Renato Guzmán Delgado,"Plaza Eleuterio Alcolea 63
Cádiz, 18391",anastasia01@example.com,+34702 176 591,1955-02-24,Soluciones del Sur S.L.N.E,4066658004392,05/30,25961
Julieta Teruel García,"Pasadizo de Danilo Bartolomé 67
León, 34019",nhernando@example.net,+34 986 033 974,1953-11-22,Inmobiliaria Buendía S.A.,30359893347215,08/26,13849
Yaiza Barral Cózar,"Pasaje de Fernanda Anguita 8
Las Palmas, 45964",atilio04@example.com,+34803 14 89 02,1973-01-27,Soluciones del Levante S.Coop.,4816064842294052,12/27,10558
Abril Portero Lara,"Avenida de Trini Berrocal 39 Apt. 24 
Jaén, 40150",imacias@example.org,+34910392614,1946-02-08,Construcción GQDD S.Com.,30202590947988,01/27,49401
Eloísa Rocha Torrecilla,"Via de Nadia Carbó 836 Apt. 65 
La Coruña, 28262",rosaeloy@example.com,+34847939685,1967-03-19,Industrias Manzanares S.C.P,345832818268864,07/30,10800
Claudio Martin Gelabert,"Alameda de Graciela Jara 82 Apt. 11 
Las Palmas, 07328",maria-cristina65@example.org,+34942 218 501,1988-01-12,Pozo y asociados S.Com.,2283355543987806,08/26,31997
Luis Miguel Barrera Mir,"Camino Chita Murcia 7
Sevilla, 50170",kazcona@example.net,+34963 159 996,1989-09-27,Hotel Benavente & Asociados S.A.,2287399305616480,04/32,01638
Amador Tapia Valverde,"Cañada de Pastor Calleja 383
Ceuta, 08092",primitivomalo@example.org,+34921047735,1973-12-16,Despacho IY S.Com.,3508588770435811,02/34,12574
Camila Barberá,"Callejón Consuela Gonzalo 98 Apt. 94 
Cádiz, 18909",cvarela@example.net,+34 941 629 619,1942-02-03,Galiano y asociados S.Com.,2229801336138617,09/26,28624
Anita Estevez,"Plaza de Gerardo Clemente 361 Puerta 0 
Valencia, 35765",paola99@example.org,+34 900 31 14 26,1942-03-02,Consultoría Botella & Asociados S.L.L.,3507501102481933,03/32,33741
Manuel Bayo Gutierrez,"Pasaje de Néstor Criado 64 Puerta 9 
Almería, 11196",cletoprada@example.com,+34 846655110,1990-05-30,Banco Garrido y asociados S.A.,4676650618091901582,03/27,09812
Azeneth Hoz Ariño,"Callejón Venceslás Rodrigo 89
Cuenca, 15127",celestina52@example.org,+34902 754 121,1993-12-05,Minería del Mediterráneo S.Coop.,2264914766072838,04/27,42330
Anita Hortensia Yáñez Molina,"Via de Loreto Torrecilla 440 Piso 9 
Álava, 14397",cvall@example.org,+34866 78 88 61,1960-08-10,Infraestructuras Dávila & Asociados S.L.N.E,4842450882100994,06/27,34882
Cristian Miralles-Gómez,"Callejón Luis Miguel Mosquera 1
Valencia, 29223",cerroleyre@example.com,+34 731 58 19 95,1993-11-17,Cayetana Iborra Busquets S.Coop.,6011435368222396,02/27,35995
Hector Castro-Marín,"Paseo de Juliana Grau 285
Valencia, 03772",dvives@example.org,+34942046618,1936-11-12,Consultoría Albero S.A.,4129087814141397557,03/33,48222
Estela Belmonte Agustí,"Avenida de Rosalva Millán 769
Girona, 08548",naciomontalban@example.org,+34 880 98 26 22,1986-04-25,Desarrollo Ibérica S.L.L.,4149135775949298,03/33,21691
María Ángeles Cabo Beltrán,"Rambla de Nicolasa Seguí 71
Ciudad, 29552",lmartinez@example.com,+34884 44 72 12,1973-09-17,Blasco y asociados S.L.N.E,3556205336452575,05/28,32891
Clotilde del Cazorla,"Cañada de Marcia Nicolás 35
Málaga, 42499",emari@example.org,+34 964647154,2006-01-30,Banca Privada KH S.L.L.,38547812914287,08/32,20663
Vera Bayona Hidalgo,"Acceso de Lucía Coloma 31
Cantabria, 12370",natanael16@example.net,+34 881 799 371,1941-04-21,Manufacturas CX S.A.,4110809969309,01/26,17447
Elodia Cruz Ríos,"Cuesta Abril Sanchez 695
León, 05475",natividad09@example.com,+34 843 406 596,1994-06-04,Prat y Valderrama S.A.,180088725639428,08/25,37840
Ofelia del Ángel,"Callejón de Domitila Barbero 28 Piso 7 
Alicante, 04728",gabriela99@example.org,+34 922756924,1988-09-04,Duque y Otero S.A.T.,30165803928279,05/34,38213
Nazario Marí Calleja,"Avenida Encarnacion Vendrell 97 Puerta 0 
Zaragoza, 38464",tenoriofrancisco@example.net,+34920937526,1955-07-24,Inmobiliaria Losada S.Com.,4992750373145301,10/29,04126
Eligio Carlos Campo,"Pasadizo de Eutropio Barrio 61 Puerta 1 
Alicante, 17236",rcoloma@example.org,+34 920 47 93 56,2006-10-11,Banco Hoyos S.L.,4856770051844988,11/24,27109
Calixta del Luján,"Acceso Ramón Luna 66 Puerta 9 
Zamora, 42345",canetgraciano@example.org,+34886 65 19 39,1966-08-29,Sergio Tello Barrera S.A.,3566591846386553,05/33,07486
Clementina Paca Novoa Frutos,"Via de Celestina Pomares 34
Ávila, 39190",amir@example.org,+34858073741,1959-04-11,Cervantes y Rius S.A.D,38908272318437,05/34,46255
José Antonio Torres-Iglesias,"C. de Efraín Blazquez 78 Puerta 5 
Sevilla, 47060",afrias@example.net,+34946724342,1993-06-13,Banca Privada del Mediterráneo S.L.,4259136517773927,04/33,11704
Arturo Roda Lloret,"Plaza de Primitivo Mendizábal 63 Piso 3 
Barcelona, 11154",tbarrios@example.org,+34 949617979,1965-11-17,Tena y asociados S.Com.,4030299228092023,07/28,04934
Abel Múgica Castrillo,"Pasadizo María Manuela Zurita 6 Puerta 2 
Burgos, 11633",chelomorcillo@example.net,+34 945 88 68 05,2006-05-21,Pont y asociados S.A.,4869904137977236927,12/27,15120
Cecilio Sala-Roma,"Calle de Segismundo Pastor 57
Ceuta, 35996",yzaragoza@example.com,+34987 911 352,1990-06-13,Gilabert & Asociados S.L.N.E,3598425799136628,10/33,17665
Adelia de Benet,"Glorieta de Quirino Saez 74 Puerta 8 
Cáceres, 14087",angelnoriega@example.net,+34803 965 610,1951-02-15,Comercial Suarez y asociados S.L.,5138862912799084,08/33,32230
Leandro Araujo Peiró,"Cuesta Sandra Pera 218 Piso 1 
Cuenca, 30446",inmaculada49@example.com,+34825438889,1993-01-03,Distribuciones Españolas S.C.P,213117298068656,07/30,42278
Mamen Colomer-Ropero,"Urbanización Olga Sanmartín 70 Apt. 68 
Ciudad, 26307",jose-manuellorenzo@example.net,+34876756798,1976-09-29,Inmobiliaria Castellana S.L.,060486376597,07/27,07311
Alfonso Mendez Pastor,"Plaza Melchor Cabeza 32 Apt. 47 
Valladolid, 47238",jafet44@example.net,+34845507146,1959-06-04,Restauración del Levante S.L.N.E,3562473149864301,08/26,30481
Vinicio Pallarès Gallo,"Avenida Alejo Jaén 92 Puerta 9 
Baleares, 51867",jennytorrijos@example.com,+34823 125 457,1985-09-17,Farmaceútica Guzmán S.Coop.,3598180635651260,06/32,49797
Nazario de Otero,"Via de Asdrubal Gómez 89
Baleares, 33756",joller@example.net,+34 874875717,1980-01-08,Anaya y asociados S.L.N.E,4486959463688723,12/29,22932
Verónica del Cortes,"Cañada Timoteo Abellán 753
Sevilla, 44792",lucio19@example.net,+34 973514010,1945-12-11,Finanzas Ugarte S.Coop.,374495621372135,10/28,18024
Toni de Elorza,"Pasadizo Candelas Vera 780 Piso 0 
Huesca, 17623",wprat@example.org,+34924 123 828,1943-12-29,Transportes Arellano S.A.,180058902601277,05/32,24656
Aitana Escobar Márquez,"Acceso Jose Angel Calleja 152 Piso 8 
Segovia, 12474",aristides41@example.com,+34 847586736,1948-11-29,Hotel Avanzadas S.Coop.,3511435190669840,02/26,24613
Rosario Hurtado Lasa,"Vial Bernardino Seco 5 Apt. 03 
Guadalajara, 21321",vjerez@example.com,+34 862 66 09 37,1948-12-07,Hermanos Fortuny S.L.L.,3527703843098838,02/30,37723
